<beans xmlns="http://www.springframework.org/schema/beans"
	xmlns:xsi="http://www.w3.org/2001/XMLSchema-instance"
	xsi:schemaLocation="http://www.springframework.org/schema/beans
http://www.springframework.org/schema/beans/spring-beans-2.5.xsd">

	<bean id="taskExecutor"
		class="org.springframework.scheduling.concurrent.ThreadPoolTaskExecutor">
		<property name="corePoolSize" value="5" />
		<property name="maxPoolSize" value="10" />
		<property name="queueCapacity" value="25" />
	</bean>
	<bean id="taskExecutorExample" class="com.igatepatni.scheduler.TaskExecutorExample">
		<constructor-arg ref="taskExecutor" />
	</bean>

</beans>