<html>
<body>
<h2>My CD Collections......</h2>
	
<p>
		Title:
		<span style="color:#ff0000">Empire Burlesque</span>
		Artist:
		<span style="color:#ff00ff">Bob Dylan</span>
</p>
	
<p>
		Title:
		<span style="color:#ff0000">Careless Whisper</span>
		Artist:
		<span style="color:#ff00ff">George Michel</span>
</p>
	
	
<p>
		Title:
		<span style="color:#ff0000">Still got the blues</span>
		Artist:
		<span style="color:#ff00ff">Gary Moore</span>
</p>
	
<p>
		Title:
		<span style="color:#ff0000">Eros</span>
		Artist:
		<span style="color:#ff00ff">Eros Ramazzotti</span>
</p>
	
<p>
		Title:
		<span style="color:#ff0000">One night only</span>
		Artist:
		<span style="color:#ff00ff">Bee Gees</span>
</p>
	
<p>
		Title:
		<span style="color:#ff0000">Sylvias Mother</span>
		Artist:
		<span style="color:#ff00ff">Dr.Hook</span>
</p>
	
<p>
		Title:
		<span style="color:#ff0000">Maggie May</span>
		Artist:
		<span style="color:#ff00ff">Rod Stewart</span>
</p>
	
<p>
		Title:
		<span style="color:#ff0000">Romanza</span>
		Artist:
		<span style="color:#ff00ff">Andrea Bocelli</span>
</p>
	
<p>
		Title:
		<span style="color:#ff0000">When a man loves a woman</span>
		Artist:
		<span style="color:#ff00ff">Percy Sledge</span>
</p>
	
<p>
		Title:
		<span style="color:#ff0000">Black angel</span>
		Artist:
		<span style="color:#ff00ff">Savage Rose</span>
</p>
	
<p>
		Title:
		<span style="color:#ff0000">1999 Grammy Nominees</span>
		Artist:
		<span style="color:#ff00ff">Many</span>
</p>
	
<p>
		Title:
		<span style="color:#ff0000">For the good times</span>
		Artist:
		<span style="color:#ff00ff">Kenny Rogers</span>
</p>
	
<p>
		Title:
		<span style="color:#ff0000">Big Willie style</span>
		Artist:
		<span style="color:#ff00ff">Will Smith</span>
</p>
	
<p>
		Title:
		<span style="color:#ff0000">Tupelo Honey</span>
		Artist:
		<span style="color:#ff00ff">Van Morrison</span>
</p>
	
<p>
		Title:
		<span style="color:#ff0000">Soulsville</span>
		Artist:
		<span style="color:#ff00ff">Jorn Hoel</span>
</p>
	
<p>
		Title:
		<span style="color:#ff0000">The very best of</span>
		Artist:
		<span style="color:#ff00ff">Cat Stevens</span>
</p>
	
<p>
		Title:
		<span style="color:#ff0000">Stop</span>
		Artist:
		<span style="color:#ff00ff">Sam Brown</span>
</p>
	
<p>
		Title:
		<span style="color:#ff0000">Bridge of Spies</span>
		Artist:
		<span style="color:#ff00ff">T`Pau</span>
</p>
	
<p>
		Title:
		<span style="color:#ff0000">Private Dancer</span>
		Artist:
		<span style="color:#ff00ff">Tina Turner</span>
</p>
	
<p>
		Title:
		<span style="color:#ff0000">Midt om natten</span>
		Artist:
		<span style="color:#ff00ff">Kim Larsen</span>
</p>
	
<p>
		Title:
		<span style="color:#ff0000">Pavarotti Gala Concert</span>
		Artist:
		<span style="color:#ff00ff">Luciano Pavarotti</span>
</p>
	
<p>
		Title:
		<span style="color:#ff0000">The dock of the bay</span>
		Artist:
		<span style="color:#ff00ff">Otis Redding</span>
</p>
	
<p>
		Title:
		<span style="color:#ff0000">Picture book</span>
		Artist:
		<span style="color:#ff00ff">Simply Red</span>
</p>
	
<p>
		Title:
		<span style="color:#ff0000">Red</span>
		Artist:
		<span style="color:#ff00ff">The Communards</span>
</p>
	
<p>
		Title:
		<span style="color:#ff0000">Unchain my heart</span>
		Artist:
		<span style="color:#ff00ff">Joe Cocker</span>
</p>



</body>
</html>
