<?xml version="1.0" encoding="utf-8"?>

<?xml-stylesheet type="text/xsl" href="C:\IBM Folder\XMLP\src\doc1.xsl" ?>
<planets>
<planet language="English">
		<name>Mercury</name>
		<mass units="(Earth = 1)">.0553</mass>
		<day units="days">58.65</day>
		<radius units="miles">1516</radius>
		<density units="(Earth = 1)">.983</density>
		<distance units="million miles">43.4</distance>
	</planet>
	<planet language="English">
		<name>Venus</name>
		<mass units="(Earth = 1)">.815</mass>
		<day units="days">116.75</day>
		<radius units="miles">3716</radius>
		<density units="(Earth = 1)">.943</density>
		<distance units="million miles">66.8</distance>
</planet>
<planet language="English">
			<name>Earth</name>
			<mass units="(Earth = 1)">1</mass>
			<day units="days">1</day>
			<radius units="miles">2107</radius>
			<density units="(Earth = 1)">1</density>
			<distance units="million miles">128.4</distance>
</planet>
</planets>


