<?xml version="1.0"?><?xml-stylesheet type="text/xsl" href="order.xsl"?><orders>	<order number="312597">		<date>2000/1/13</date>		<customer id="216A">Customer A</customer>		<item>			<part-number warehouse="Warehouse 11">E16-25A</part-number>			<description>Production-Class Widget</description>			<quantity>16</quantity>		</item>	</order>	<order number="442597">		<date>2012/2/11</date>		<customer id="222A">Customer B</customer>		<item>			<part-number warehouse="Computewr 11">E15-25B</part-number>			<description>Computer CPU</description>			<quantity>17</quantity>		</item>	</order></orders>