<?xml version="1.0" encoding="UTF-8"?>

<employees>
	<employee id="17452" vertical="banking">
		<id>17452</id>
		<name>Jason</name>
		<experience>2</experience>
		<salary>35000</salary>
	</employee>

	<employee id="14782" vertical="insurance">
		<id>14782</id>
		<name>Jim</name>
		<experience>3</experience>
		<salary>45000</salary>
	</employee>

	<employee id="12563" vertical="telecom">
		<id>12563</id>
		<name>Charles</name>
		<experience>4</experience>
		<salary>55000</salary>
	</employee>
</employees>
