<?xml version="1.0" encoding="UTF-8"?>
<!DOCTYPE breakfast SYSTEM "BreakFast.dtd">
<!-- Both Combinations are possible -->

<!--<breakfast>
	<tea>Green Tea</tea>
	<egg>Egg</egg>
	<bacon>Bacon</bacon>
	<toast>Toast</toast>
	<lunch/>
</breakfast>-->

<breakfast>
	<tea>Green Tea</tea>
	<egg>Egg</egg>
	<sausage>Sausage</sausage>
	<toast>Toast</toast>
	<lunch/>
</breakfast>



<!--<breakfast>-
	<tea>Green Tea</tea>
	<orangejuice>Juice</orangejuice>
	<cereal>cereal</cereal>
	<toast>Toast</toast>
	<lunch/>
	
</breakfast>-->