<?xml version="1.0"?>
<mapping>
	<description>Description of the mapping</description>
	
	<class name="com.igatepatni.castor.Employees">
	   <map-to xml="Employees"/>
	   <field name="employees" type="com.igatepatni.castor.Employee" collection="arraylist">
	      <bind-xml name="emp" />
	   </field>
	</class>
		
	<class name="com.igatepatni.castor.Employee">
	   <map-to xml="Employee"/>
	   <field name="id" type="string">
	      <bind-xml name="empid" node="attribute"/>
	   </field>
	   <field name="name" type="string">
	      <bind-xml name="empname" node="element"/>
	   </field>
	   <field name="salary" type="double">
	      <bind-xml name="salary" node="element"/>
	   </field>
	</class>
	
	
</mapping>