<?xml version="1.0"?>
<!DOCTYPE hibernate-mapping PUBLIC 
"-//Hibernate/Hibernate Mapping DTD 3.0//EN"
"http://hibernate.sourceforge.net/hibernate-mapping-3.0.dtd">

<hibernate-mapping>
  <class name="vai.hib.Contact" table="CONTACT">
   <id name="id" type="long" column="ID" >
   <generator class="assigned"/>
  </id>

  <property name="firstName">
     <column name="FIRSTNAME" />
  </property>
  <property name="lastName">
    <column name="LASTNAME"/>
  </property>
  <property name="email">
    <column name="EMAIL"/>
  </property>
 </class>
</hibernate-mapping>