<?xml version="1.0" encoding="UTF-8"?>

<beans:beans xmlns="http://www.springframework.org/schema/security"
	xmlns:beans="http://www.springframework.org/schema/beans" 
	xmlns:xsi="http://www.w3.org/2001/XMLSchema-instance"
	xsi:schemaLocation="http://www.springframework.org/schema/beans
	http://www.springframework.org/schema/beans/spring-beans-3.1.xsd
	http://www.springframework.org/schema/security
	http://www.springframework.org/schema/security/spring-security-3.0.xsd">
	
	
	<!-- use this attribute for hasRoleMethod
	 <http auto-config="true" use-expressions="true" >
	  -->
	<http auto-config="true"  >
		<intercept-url pattern="/welcome*" access="ROLE_USER" />
		<intercept-url pattern="/admin*" access="ROLE_ADMIN" />
		<intercept-url pattern="/*.doc" access="ROLE_ADMIN" />	
		<!-- 		
		<intercept-url pattern="/trainer/**" access="hasRole('TRAINER_ROLE')" /> -->
		 <logout logout-url="/static/j_spring_security_logout"/>  
	</http>
 
	<authentication-manager>
	  <authentication-provider>
	    <user-service>
		<user name="uma" password="123456" authorities="ROLE_USER" />
		<user name="admin" password="admin" authorities="ROLE_ADMIN,ROLE_USER" />
		<user name="vaishali" password="vaishali123" authorities="TRAINER_ROLE" />
	    </user-service>
	  </authentication-provider>
	</authentication-manager>
</beans:beans>
