<?xml version="1.0" encoding="UTF-8" standalone="yes"?>
<ns2:VaiStore xmlns:ns2="goyel.pune">
    <bookList>
        <book>
            <author>Neil Strauss</author>
            <title>The Game</title>
            <publisher>Harpercollins</publisher>
            <isbn>978-0060554736</isbn>
        </book>
        <book>
            <author>Charlotte Roche</author>
            <title>Feuchtgebiete</title>
            <publisher>Dumont Buchverlag</publisher>
            <isbn>978-3832180577</isbn>
        </book>
    </bookList>
    <location>Frankfurt Airport</location>
    <name>Fraport Bookstore</name>
</ns2:VaiStore>
