<?xml version="1.0" encoding="UTF-8"?><vai:employees xmlns:vai="www.vaishali.com" xmlns:xsi="http://www.w3.org/2001/XMLSchema-instance" xsi:schemaLocation="www.vaishali.comC:\IBMFolder\emp.xsd">	<vai:employee vai:eid="E-1001" vai:gender="F"  >		<vai:empname>			<vai:fname>Vaishali</vai:fname>			<vai:mname>A</vai:mname>			<vai:lname>Srivastava</vai:lname>		</vai:empname>		<vai:age>23</vai:age>		<vai:empPhone>2233-2322-22222</vai:empPhone>		<vai:salary vai:currency="RS">20000</vai:salary>		<vai:birthdate>1959-10-23T13:56:00.000-08:00</vai:birthdate>	</vai:employee>		<vai:employee vai:eid="E-1002" vai:gender="F"  >		<vai:empname>			<vai:fname>Nitin</vai:fname>			<vai:mname>B</vai:mname>			<vai:lname>Varma</vai:lname>		</vai:empname>		<vai:age>67</vai:age>		<vai:empPhone>1111-5555-77777</vai:empPhone>		<vai:salary vai:currency="R">10000</vai:salary>		<vai:birthdate>1945-10-23T13:56:00.000-08:00</vai:birthdate>	</vai:employee></vai:employees>