<?xml version="1.0" encoding="UTF-8"?>

<beans default-autowire="no"
	xmlns="http://www.springframework.org/schema/beans" 
	xmlns:xsi="http://www.w3.org/2001/XMLSchema-instance"	
	xsi:schemaLocation="http://www.springframework.org/schema/beans
      http://www.springframework.org/schema/beans/spring-beans.xsd">
	
	<bean id = "jaxbMarshaller" 
	      class = "org.springframework.oxm.jaxb.Jaxb2Marshaller">
		<property name = "classesToBeBound">
			<array>
				<value>com.igatepatni.jaxb.Employees</value>
				<value>com.igatepatni.jaxb.Employee</value>
				<value>com.igatepatni.jaxb.Department</value>
			</array>
		</property>
	</bean>
	
</beans>
