<?xml version="1.0" encoding="UTF-8"?>

<beans:beans xmlns="http://www.springframework.org/schema/security"
	xmlns:beans="http://www.springframework.org/schema/beans" 
	xmlns:xsi="http://www.w3.org/2001/XMLSchema-instance"
	xsi:schemaLocation="http://www.springframework.org/schema/beans
	http://www.springframework.org/schema/beans/spring-beans-3.0.xsd
	http://www.springframework.org/schema/security
	http://www.springframework.org/schema/security/spring-security-3.0.xsd">
	
	


   <beans:bean id="securedBean" class="com.igatepatni.springsecurity.annotation.SecuredObject" />
   
   <global-method-security secured-annotations="enabled" />
   
 <authentication-manager alias="authenticationManager">
   <authentication-provider>
     <user-service>
       <user password="secret" name="training" authorities="ROLE_SECRET_AGENT"/>
       <user password="password" name="intruder" authorities="ROLE_ANONYMOUS"/>
     </user-service>
   </authentication-provider>
   </authentication-manager>
</beans:beans>
